<?xml version="1.0" encoding="utf-8" standalone="no"?>
<problem revision="3" short-name="iit-kanpur-envelope-enigma" url="https://polygon.codeforces.com/p5LYfRC/varshapillai/iit-kanpur-envelope-enigma">
    <names>
        <name language="english" value="IIT KANPUR'S Envelope Enigma"/>
    </names>
    <statements>
        <statement charset="UTF-8" language="english" mathjax="true" path="statements/english/problem.tex" type="application/x-tex"/>
        <statement charset="UTF-8" language="english" mathjax="true" path="statements/.html/english/problem.html" type="text/html"/>
    </statements>
    <tutorials>
        <tutorial charset="UTF-8" language="english" mathjax="true" path="statements/english/tutorial.tex" type="application/x-tex"/>
        <tutorial charset="UTF-8" language="english" mathjax="true" path="statements/.html/english/tutorial.html" type="text/html"/>
        <tutorial language="english" path="statements/.pdf/english/tutorial.pdf" type="application/pdf"/>
    </tutorials>
    <judging cpu-name="Intel(R) Core(TM) i3-8100 CPU @ 3.60GHz" cpu-speed="3600" input-file="" output-file="" run-count="1">
        <testset name="tests">
            <time-limit>1000</time-limit>
            <memory-limit>268435456</memory-limit>
            <test-count>20</test-count>
            <input-path-pattern>tests/%02d</input-path-pattern>
            <answer-path-pattern>tests/%02d.a</answer-path-pattern>
            <tests>
                <test method="manual"/>
                <test method="manual"/>
                <test method="manual"/>
                <test method="manual"/>
                <test method="manual"/>
                <test method="manual"/>
                <test method="manual"/>
                <test method="manual"/>
                <test method="manual"/>
                <test method="manual"/>
                <test method="manual"/>
                <test method="manual"/>
                <test method="manual"/>
                <test method="manual"/>
                <test method="manual"/>
                <test method="manual"/>
                <test method="manual"/>
                <test method="manual"/>
                <test method="manual"/>
                <test method="manual"/>
            </tests>
        </testset>
    </judging>
    <files>
        <resources>
            <file path="files/olymp.sty"/>
            <file path="files/problem.tex"/>
            <file path="files/statements.ftl"/>
            <file path="files/testlib.h" type="h.g++"/>
            <file path="files/tutorial.tex"/>
        </resources>
        <executables>
            <executable>
                <source path="files/validator.cpp" type="cpp.g++17"/>
                <binary path="files/validator.exe" type="exe.win32"/>
            </executable>
            <executable>
                <source path="files/validator2.cpp" type="cpp.g++17"/>
                <binary path="files/validator2.exe" type="exe.win32"/>
            </executable>
            <executable>
                <source path="files/validator3.cpp" type="cpp.g++17"/>
                <binary path="files/validator3.exe" type="exe.win32"/>
            </executable>
        </executables>
    </files>
    <assets>
        <checker name="std::yesno.cpp" type="testlib">
            <source path="files/check.cpp" type="cpp.g++17"/>
            <binary path="check.exe" type="exe.win32"/>
            <copy path="check.cpp"/>
            <testset>
                <test-count>5</test-count>
                <input-path-pattern>files/tests/checker-tests/%02d</input-path-pattern>
                <output-path-pattern>files/tests/checker-tests/%02d.o</output-path-pattern>
                <answer-path-pattern>files/tests/checker-tests/%02d.a</answer-path-pattern>
                <tests>
                    <test verdict="ok"/>
                    <test verdict="wrong-answer"/>
                    <test verdict="presentation-error"/>
                    <test verdict="ok"/>
                    <test verdict="wrong-answer"/>
                </tests>
            </testset>
        </checker>
        <validators>
            <validator>
                <source path="files/validator3.cpp" type="cpp.g++17"/>
                <binary path="files/validator3.exe" type="exe.win32"/>
                <testset>
                    <test-count>5</test-count>
                    <input-path-pattern>files/tests/validator-tests/%02d</input-path-pattern>
                    <tests>
                        <test verdict="valid"/>
                        <test verdict="invalid"/>
                        <test verdict="valid"/>
                        <test verdict="invalid"/>
                        <test verdict="invalid"/>
                    </tests>
                </testset>
            </validator>
        </validators>
        <solutions>
            <solution tag="main">
                <source path="solutions/MainSolution.cpp" type="cpp.g++17"/>
                <binary path="solutions/MainSolution.exe" type="exe.win32"/>
            </solution>
        </solutions>
    </assets>
    <properties>
        <property name="tests-wellformed" value="false"/>
    </properties>
    <stresses>
        <stress-count>0</stress-count>
        <stress-path-pattern>stresses/%03d</stress-path-pattern>
        <list/>
    </stresses>
    <documents>
        <document path="documents/tutorial.txt" type="text/plain"/>
    </documents>
    <tags>
        <tag value="challenge"/>
        <tag value="cpp"/>
        <tag value="cycle search"/>
        <tag value="permutations"/>
        <tag value="yesno"/>
    </tags>
</problem>
